Serial,Total Visitors
1,18
2,10
3,2
4,2
5,262
6,393
7,227
8,123
9,158
10,149
11,146
12,290
13,424
14,404
15,293
16,143
17,98
18,71
19,4
20,5
21,83
22,451
23,187
24,235
25,242
26,231
27,251
28,216
29,149
30,75
31,52
32,52
33,5
34,5
35,3
36,154
37,226
38,235
39,332
40,347
41,344
42,222
43,215
44,142
45,86
46,45
47,5
48,5
49,3
50,159
51,163
52,164
53,199
54,164
55,164
56,110
57,74
58,55
59,38
60,10
61,5
62,2
63,19
64,80
65,210
66,458
67,137
68,138
69,150
70,157
71,160
72,147
73,72
74,7
75,2
76,15
77,75
78,208
79,483
80,211
81,127
82,155
83,153
84,140
85,216
86,413
87,316
88,197
89,188
90,133
91,53
92,8
93,4
94,18
95,67
96,246
97,504
98,223
99,158
100,143
101,150
102,216
103,479
104,427
105,299
106,201
107,10
108,5
109,294
110,398
111,228
112,106
113,142
114,147
115,146
116,273
117,461
118,409
119,317
120,205
121,101
122,48
123,25
124,4
125,13
126,68
127,495
128,247
129,170
130,203
131,227
132,259
133,401
134,476
135,331
136,117
137,80
138,39
139,4
140,6
141,84
142,186
143,173
144,231
145,152
146,307
147,342
148,232
149,232
150,209
151,66
152,59
153,35
154,6
155,3
156,34
157,122
158,176
159,242
160,318
161,331
162,338
163,353
164,329
165,229
166,233
167,98
168,94
169,34
170,12
171,5
172,3
173,4
174,14
175,85
176,230
177,434
178,121
179,178
180,165
181,281
182,460
183,441
184,299
185,172
186,108
187,30
188,13
189,7
190,17
191,187
192,421
193,221
194,132
195,283
196,528
197,489
198,327
199,293
200,130
201,74
202,13
203,3
204,17
205,289
206,407
207,220
208,129
209,165
210,153
211,287
212,478
213,460
214,316
215,267
216,120
217,66
218,30
219,16
220,8
221,2
222,4
223,17
224,69
225,305
226,403
227,227
228,103
229,156
230,160
231,284
232,485
233,450
234,329
235,195
236,133
237,71
238,34
239,9
240,5
241,85
242,450
243,207
244,199
245,153
246,161
247,159
248,161
249,245
250,314
251,307
252,63
253,48
254,47
255,15
256,120
257,158
258,250
259,322
260,374
261,378
262,399
263,405
264,399
265,358
266,329
267,268
268,210
269,182
270,146
271,17
272,5
273,5
274,5
275,71
276,162
277,244
278,229
279,223
280,263
281,314
282,358
283,330
284,294
285,291
286,254
287,151
288,131
289,54
290,8
291,4
292,3
293,267
294,355
295,219
296,128
297,154
298,149
299,276
300,472
301,431
302,298
303,251
304,129
305,72
306,26
307,6
308,2
309,2
310,16
311,94
312,405
313,191
314,133
315,146
316,146
317,135
318,148
319,228
320,530
321,493
322,325
323,239
324,72
325,27
326,15
327,9
328,4
329,21
330,82
331,209
332,272
333,187
334,136
335,118
336,115
337,116
338,239
339,367
340,357
341,355
342,244
343,199
344,9
345,5
346,18
347,82
348,261
349,364
350,68
351,243
352,376
353,504
354,360
355,256
356,179
357,158
358,91
359,76
360,254
361,325
362,181
363,189
364,234
365,249
366,245
367,277
368,355
369,531
370,472
371,397
372,272
373,216
374,115
375,63
376,20
377,60
378,187
379,181
380,191
381,73
382,88
383,70
384,91
385,58
386,9
387,10
388,6
389,113
390,150
391,168
392,179
393,177
394,178
395,281
396,203
397,192
398,228
399,140
400,64
401,23
402,12
403,19
404,300
405,411
406,212
407,148
408,193
409,177
410,173
411,197
412,435
413,494
414,256
415,114
416,79
417,14
418,3
419,2
420,458
421,160
422,183
423,225
424,471
425,472
426,257
427,190
428,125
429,16
430,13
431,20
432,237
433,462
434,223
435,164
436,172
437,261
438,367
439,361
440,367
441,271
442,20
443,7
444,4
445,92
446,245
447,496
448,130
449,162
450,164
451,205
452,423
453,413
454,305
455,223
456,174
457,130
458,98
459,39
460,21
461,2
462,20
463,83
464,469
465,231
466,178
467,117
468,164
469,140
470,417
471,461
472,293
473,169
474,93
475,69
476,8
477,6
478,144
479,147
480,185
481,292
482,312
483,362
484,304
485,320
486,294
487,257
488,287
489,156
490,111
491,78
492,48
493,35
494,15
495,9
496,193
497,181
498,210
499,220
500,283
501,319
502,355
503,202
504,167
505,279
506,123
507,87
508,57
509,22
510,83
511,490
512,174
513,182
514,262
515,442
516,445
517,265
518,163
519,85
520,32
521,16
522,3
523,18
524,93
525,265
526,445
527,212
528,181
529,137
530,163
531,149
532,140
533,136
534,259
535,360
536,381
537,328
538,233
539,202
540,155
541,90
542,5
543,23
544,78
545,265
546,465
547,209
548,195
549,178
550,261
551,383
552,377
553,415
554,272
555,34
556,15
557,11
558,3
559,81
560,237
561,453
562,224
563,177
564,182
565,170
566,158
567,161
568,181
569,451
570,449
571,311
572,211
573,141
574,114
575,39
576,19
577,8
578,86
579,473
580,231
581,177
582,198
583,197
584,211
585,256
586,296
587,370
588,370
589,297
590,196
591,107
592,38
593,6
594,15
595,122
596,207
597,251
598,246
599,349
600,400
601,402
602,410
603,406
604,269
605,262
606,285
607,216
608,156
609,108
610,73
611,58
612,9
613,148
614,310
615,444
616,456
617,453
618,460
619,434
620,325
621,306
622,167
623,126
624,106
625,80
626,74
627,11
628,21
629,83
630,266
631,426
632,160
633,154
634,207
635,372
636,367
637,314
638,85
639,68
640,7
641,5
642,5
643,89
644,273
645,434
646,209
647,163
648,143
649,259
650,375
651,367
652,321
653,169
654,59
655,4
656,21
657,270
658,499
659,218
660,159
661,162
662,148
663,173
664,118
665,241
666,496
667,385
668,315
669,198
670,89
671,69
672,6
673,3
674,3
675,90
676,496
677,260
678,169
679,163
680,164
681,208
682,421
683,431
684,268
685,193
686,102
687,92
688,54
689,17
690,7
691,2
692,2
693,14
694,234
695,458
696,205
697,244
698,244
699,241
700,253
701,320
702,458
703,454
704,301
705,196
706,167
707,67
708,55
709,12
710,121
711,183
712,290
713,353
714,387
715,370
716,388
717,388
718,423
719,377
720,379
721,285
722,193
723,145
724,110
725,75
726,31
727,11
728,122
729,314
730,362
731,395
732,416
733,430
734,447
735,435
736,351
737,351
738,318
739,242
740,167
741,96
742,105
743,39
744,10
745,11
746,17
747,70
748,95
749,199
750,295
751,425
752,390
753,413
754,375
755,382
756,326
757,260
758,366
759,60
760,38
761,5
762,299
763,499
764,206
765,130
766,155
767,145
768,156
769,303
770,553
771,551
772,363
773,255
774,177
775,72
776,33
777,14
778,10
779,2
780,21
781,90
782,232
783,266
784,146
785,131
786,77
787,454
788,454
789,259
790,191
791,95
792,12
793,5
794,6
795,295
796,450
797,145
798,110
799,161
800,263
801,539
802,537
803,380
804,258
805,183
806,44
807,5
808,4
809,76
810,277
811,419
812,155
813,233
814,238
815,242
816,276
817,345
818,429
819,404
820,361
821,229
822,98
823,66
824,6
825,142
826,213
827,271
828,306
829,360
830,445
831,463
832,465
833,440
834,355
835,388
836,284
837,97
838,57
839,61
840,11
841,84
842,69
843,143
844,147
845,109
846,70
847,5
848,5
849,88
850,273
851,495
852,227
853,146
854,88
855,103
856,122
857,99
858,195
859,119
860,51
861,19
862,4
863,4
864,22
865,94
866,289
867,490
868,183
869,161
870,177
871,426
872,426
873,321
874,161
875,13
876,7
877,21
878,84
879,286
880,449
881,140
882,140
883,264
884,539
885,526
886,355
887,248
888,83
889,15
890,3
891,4
892,20
893,88
894,291
895,112
896,94
897,94
898,84
899,357
900,349
901,334
902,265
903,180
904,151
905,29
906,11
907,22
908,80
909,429
910,212
911,143
912,224
913,224
914,221
915,256
916,308
917,378
918,412
919,311
920,131
921,65
922,34
923,17
924,8
925,15
926,134
927,155
928,203
929,218
930,207
931,215
932,208
933,240
934,244
935,283
936,263
937,111
938,103
939,52
940,52
941,40
942,18
943,8
944,9
945,239
946,286
947,329
948,350
949,428
950,461
951,427
952,325
953,325
954,252
955,122
956,67
957,11
958,17
959,82
960,241
961,453
962,158
963,126
964,160
965,171
966,132
967,137
968,247
969,477
970,488
971,345
972,178
973,99
974,68
975,25
976,4
977,6
978,16
979,85
980,234
981,365
982,201
983,128
984,194
985,191
986,162
987,267
988,524
989,523
990,374
991,287
992,204
993,82
994,4
995,15
996,93
997,268
998,454
999,256
1000,503
1001,490
1002,336
1003,260
1004,24
1005,9
1006,4
1007,176
1008,299
1009,228
1010,121
1011,162
1012,160
1013,296
1014,511
1015,510
1016,359
1017,265
1018,169
1019,28
1020,20
1021,268
1022,433
1023,173
1024,182
1025,186
1026,231
1027,366
1028,526
1029,476
1030,389
1031,266
1032,163
1033,95
1034,50
1035,8
1036,9
1037,54
1038,276
1039,367
1040,393
1041,403
1042,369
1043,389
1044,370
1045,321
1046,318
1047,263
1048,122
1049,99
1050,66
1051,69
1052,158
1053,248
1054,356
1055,375
1056,393
1057,378
1058,372
1059,364
1060,319
1061,333
1062,272
1063,209
1064,141
1065,119
1066,62
1067,10
1068,10
1069,5
1070,221
1071,397
1072,204
1073,107
1074,116
1075,180
1076,161
1077,254
1078,468
1079,454
1080,331
1081,168
1082,9
1083,2
1084,4
1085,15
1086,315
1087,436
1088,207
1089,132
1090,138
1091,266
1092,538
1093,528
1094,325
1095,202
1096,125
1097,65
1098,34
1099,14
1100,5
1101,3
1102,111
1103,268
1104,443
1105,196
1106,129
1107,140
1108,286
1109,528
1110,401
1111,316
1112,57
1113,13
1114,7
1115,4
1116,304
1117,445
1118,220
1119,161
1120,252
1121,540
1122,495
1123,316
1124,235
1125,130
1126,97
1127,43
1128,10
1129,5
1130,17
1131,78
1132,248
1133,472
1134,210
1135,169
1136,244
1137,257
1138,268
1139,272
1140,338
1141,521
1142,492
1143,318
1144,258
1145,144
1146,59
1147,8
1148,8
1149,18
1150,147
1151,235
1152,278
1153,365
1154,433
1155,440
1156,437
1157,425
1158,403
1159,363
1160,346
1161,285
1162,194
1163,142
1164,110
1165,64
1166,64
1167,26
1168,13
1169,19
1170,290
1171,329
1172,370
1173,435
1174,458
1175,465
1176,446
1177,349
1178,355
1179,293
1180,261
1181,44
1182,85
1183,9
1184,9
1185,202
1186,268
1187,169
1188,94
1189,151
1190,157
1191,233
1192,215
1193,445
1194,212
1195,133
1196,80
1197,22
1198,23
1199,7
1200,4
1201,220
1202,432
1203,178
1204,178
1205,159
1206,241
1207,535
1208,523
1209,345
1210,242
1211,183
1212,31
1213,4
1214,4
1215,279
1216,436
1217,189
1218,154
1219,209
1220,194
1221,171
1222,256
1223,369
1224,366
1225,379
1226,284
1227,193
1228,155
1229,9
1230,5
1231,21
1232,298
1233,457
1234,204
1235,125
1236,121
1237,191
1238,190
1239,286
1240,386
1241,379
1242,406
1243,270
1244,108
1245,45
1246,5
1247,5
1248,77
1249,265
1250,457
1251,192
1252,149
1253,180
1254,240
1255,236
1256,236
1257,270
1258,346
1259,406
1260,369
1261,385
1262,264
1263,235
1264,151
1265,101
1266,53
1267,21
1268,7
1269,20
1270,61
1271,272
1272,373
1273,450
1274,449
1275,435
1276,441
1277,422
1278,337
1279,354
1280,299
1281,228
1282,203
1283,169
1284,147
1285,104
1286,65
1287,19
1288,282
1289,363
1290,456
1291,455
1292,453
1293,444
1294,445
1295,353
1296,333
1297,284
1298,240
1299,164
1300,125
1301,10
1302,10
1303,13
1304,216
1305,280
1306,181
1307,105
1308,120
1309,107
1310,559
1311,531
1312,350
1313,264
1314,179
1315,129
1316,87
1317,25
1318,4
1319,4
1320,13
1321,216
1322,425
1323,183
1324,111
1325,128
1326,148
1327,145
1328,149
1329,250
1330,519
1331,528
1332,345
1333,260
1334,166
1335,150
1336,83
1337,16
1338,6
1339,5
1340,13
1341,109
1342,279
1343,436
1344,189
1345,132
1346,134
1347,161
1348,158
1349,532
1350,521
1351,340
1352,196
1353,163
1354,83
1355,18
1356,15
1357,107
1358,272
1359,424
1360,202
1361,127
1362,191
1363,249
1364,502
1365,517
1366,359
1367,292
1368,158
1369,112
1370,49
1371,17
1372,5
1373,243
1374,402
1375,180
1376,147
1377,180
1378,206
1379,215
1380,234
1381,356
1382,418
1383,375
1384,339
1385,287
1386,213
1387,164
1388,95
1389,53
1390,21
1391,8
1392,106
1393,198
1394,233
1395,298
1396,335
1397,349
1398,351
1399,355
1400,369
1401,374
1402,372
1403,281
1404,250
1405,190
1406,70
1407,65
1408,29
1409,12
1410,90
1411,264
1412,307
1413,348
1414,346
1415,347
1416,410
1417,425
1418,345
1419,330
1420,310
1421,240
1422,116
1423,64
1424,62
1425,35
1426,29
1427,12
1428,12
1429,17
1430,119
1431,196
1432,249
1433,283
1434,338
1435,331
1436,327
1437,324
1438,326
1439,334
1440,330
1441,318
1442,124
1443,8
1444,6
1445,282
1446,419
1447,195
1448,124
1449,169
1450,165
1451,247
1452,354
1453,355
1454,361
1455,297
1456,77
1457,14
1458,4
1459,4
1460,211
1461,410
1462,195
1463,117
1464,169
1465,246
1466,368
1467,361
1468,379
1469,232
1470,216
1471,174
1472,37
1473,7
1474,21
1475,295
1476,436
1477,206
1478,137
1479,164
1480,166
1481,256
1482,376
1483,359
1484,414
1485,262
1486,202
1487,54
1488,28
1489,13
1490,5
1491,19
1492,243
1493,402
1494,200
1495,147
1496,182
1497,184
1498,179
1499,209
1500,222
1501,172
1502,343
1503,133
1504,66
1505,89
1506,22
1507,9
1508,9
1509,20
1510,71
1511,135
1512,204
1513,275
1514,369
1515,437
1516,450
1517,462
1518,468
1519,439
1520,336
1521,349
1522,296
1523,228
1524,233
1525,157
1526,107
1527,69
1528,63
1529,26
1530,11
1531,64
1532,124
1533,160
1534,287
1535,380
1536,451
1537,466
1538,463
1539,473
1540,447
1541,342
1542,342
1543,293
1544,233
1545,80
1546,73
1547,11
1548,11
1549,22
1550,100
1551,288
1552,420
1553,130
1554,206
1555,178
1556,170
1557,268
1558,398
1559,383
1560,399
1561,261
1562,187
1563,127
1564,81
1565,28
1566,7
1567,4
1568,5
1569,14
1570,91
1571,273
1572,421
1573,205
1574,111
1575,121
1576,183
1577,164
1578,158
1579,257
1580,386
1581,375
1582,370
1583,228
1584,165
1585,84
1586,35
1587,5
1588,6
1589,91
1590,305
1591,459
1592,199
1593,123
1594,142
1595,195
1596,196
1597,172
1598,173
1599,261
1600,389
1601,361
1602,347
1603,258
1604,211
1605,11
1606,4
1607,4
1608,86
1609,309
1610,432
1611,195
1612,126
1613,197
1614,166
1615,269
1616,392
1617,380
1618,412
1619,285
1620,157
1621,50
1622,29
1623,12
1624,5
1625,5
1626,21
1627,94
1628,298
1629,433
1630,197
1631,151
1632,185
1633,230
1634,228
1635,248
1636,271
1637,374
1638,416
1639,362
1640,408
1641,297
1642,244
1643,175
1644,71
1645,56
1646,13
1647,13
1648,23
1649,122
1650,211
1651,269
1652,368
1653,431
1654,397
1655,397
1656,371
1657,404
1658,341
1659,353
1660,327
1661,225
1662,261
1663,186
1664,108
1665,68
1666,66
1667,14
1668,13
1669,46
1670,93
1671,276
1672,373
1673,410
1674,405
1675,405
1676,390
1677,395
1678,347
1679,346
1680,314
1681,224
1682,175
1683,159
1684,90
1685,75
1686,11
1687,12
1688,274
1689,394
1690,122
1691,151
1692,247
1693,361
1694,375
1695,380
1696,300
1697,93
1698,31
1699,432
1700,97
1701,104
1702,73
1703,138
1704,395
1705,338
1706,334
1707,290
1708,29
1709,6
1710,279
1711,411
1712,195
1713,118
1714,145
1715,210
1716,189
1717,181
1718,166
1719,286
1720,392
1721,385
1722,405
1723,264
1724,200
1725,38
1726,20
1727,12
1728,4
1729,19
1730,113
1731,303
1732,443
1733,197
1734,137
1735,205
1736,200
1737,176
1738,169
1739,247
1740,364
1741,372
1742,390
1743,278
1744,205
1745,51
1746,28
1747,13
1748,4
1749,268
1750,419
1751,199
1752,182
1753,244
1754,243
1755,230
1756,264
1757,347
1758,407
1759,375
1760,413
1761,259
1762,215
1763,158
1764,100
1765,68
1766,56
1767,22
1768,9
1769,9
1770,22
1771,70
1772,119
1773,207
1774,275
1775,364
1776,438
1777,461
1778,460
1779,467
1780,440
1781,369
1782,372
1783,330
1784,247
1785,179
1786,107
1787,67
1788,65
1789,12
1790,19
1791,151
1792,284
1793,323
1794,370
1795,441
1796,441
1797,474
1798,421
1799,325
1800,331
1801,289
1802,236
1803,80
1804,55
1805,10
1806,12
1807,77
1808,198
1809,382
1810,200
1811,94
1812,102
1813,126
1814,148
1815,239
1816,357
1817,367
1818,352
1819,205
1820,129
1821,30
1822,5
1823,18
1824,111
1825,234
1826,415
1827,194
1828,144
1829,169
1830,238
1831,354
1832,355
1833,366
1834,281
1835,221
1836,157
1837,82
1838,37
1839,18
1840,8
1841,4
1842,252
1843,422
1844,192
1845,122
1846,145
1847,219
1848,350
1849,354
1850,401
1851,256
1852,212
1853,177
1854,37
1855,17
1856,5
1857,101
1858,296
1859,427
1860,179
1861,126
1862,121
1863,150
1864,141
1865,140
1866,138
1867,465
1868,473
1869,400
1870,245
1871,177
1872,116
1873,34
1874,5
1875,99
1876,271
1877,433
1878,211
1879,165
1880,160
1881,175
1882,305
1883,518
1884,448
1885,344
1886,274
1887,181
1888,95
1889,70
1890,27
1891,7
1892,25
1893,51
1894,123
1895,226
1896,295
1897,354
1898,434
1899,402
1900,441
1901,384
1902,384
1903,350
1904,357
1905,327
1906,225
1907,202
1908,72
1909,11
1910,16
1911,117
1912,160
1913,276
1914,370
1915,449
1916,447
1917,405
1918,296
1919,395
1920,357
1921,357
1922,314
1923,226
1924,170
1925,81
1926,32
1927,75
1928,9
1929,23
1930,280
1931,378
1932,128
1933,147
1934,210
1935,198
1936,183
1937,178
1938,258
1939,381
1940,421
1941,405
1942,298
1943,170
1944,88
1945,30
1946,4
1947,4
1948,300
1949,479
1950,210
1951,129
1952,151
1953,236
1954,223
1955,166
1956,307
1957,415
1958,421
1959,409
1960,290
1961,263
1962,75
1963,18
1964,6
1965,21
1966,113
1967,294
1968,493
1969,131
1970,155
1971,199
1972,171
1973,182
1974,287
1975,381
1976,416
1977,403
1978,304
1979,291
1980,83
1981,38
1982,20
1983,8
1984,5
1985,24
1986,295
1987,486
1988,192
1989,126
1990,143
1991,148
1992,148
1993,149
1994,257
1995,529
1996,444
1997,387
1998,258
1999,230
2000,173
2001,57
2002,42
2003,24
2004,100
2005,274
2006,416
2007,207
2008,145
2009,275
2010,353
2011,350
2012,401
2013,92
2014,61
2015,60
2016,6
2017,7
2018,43
2019,94
2020,198
2021,240
2022,267
2023,320
2024,298
2025,300
2026,294
2027,283
2028,300
2029,288
2030,346
2031,108
2032,68
2033,29
2034,9
2035,9
2036,16
2037,258
2038,253
2039,288
2040,273
2041,270
2042,265
2043,261
2044,271
2045,293
2046,326
2047,218
2048,33
2049,10
2050,9
2051,10
2052,113
2053,280
2054,389
2055,126
2056,145
2057,151
2058,247
2059,570
2060,565
2061,398
2062,292
2063,201
2064,80
2065,7
2066,25
2067,289
2068,416
2069,122
2070,134
2071,145
2072,147
2073,262
2074,557
2075,537
2076,378
2077,305
2078,208
2079,167
2080,87
2081,36
2082,27
2083,11
2084,11
2085,15
2086,125
2087,217
2088,228
2089,324
2090,310
2091,270
2092,271
2093,266
2094,262
2095,216
2096,225
2097,353
2098,244
2099,349
2100,215
2101,126
2102,18
2103,293
2104,459
2105,178
2106,122
2107,116
2108,150
2109,136
2110,223
2111,446
2112,438
2113,414
2114,262
2115,219
2116,57
2117,40
2118,13
2119,6
2120,6
2121,275
2122,458
2123,209
2124,169
2125,194
2126,275
2127,432
2128,434
2129,406
2130,229
2131,220
2132,106
2133,105
2134,62
2135,26
2136,14
2137,14
2138,22
2139,46
2140,232
2141,231
2142,221
2143,280
2144,266
2145,258
2146,247
2147,316
2148,271
2149,124
2150,67
2151,28
2152,11
2153,11
2154,40
2155,252
2156,241
2157,242
2158,234
2159,230
2160,248
2161,302
2162,131
2163,24
2164,9
2165,203
2166,363
2167,199
2168,143
2169,186
2170,250
2171,557
2172,553
2173,370
2174,302
2175,203
2176,138
2177,29
2178,27
2179,7
2180,5
2181,6
2182,22
2183,110
2184,294
2185,416
2186,199
2187,128
2188,174
2189,169
2190,182
2191,265
2192,552
2193,511
2194,332
2195,152
2196,72
2197,35
2198,17
2199,4
2200,4
2201,20
2202,107
2203,292
2204,417
2205,193
2206,199
2207,165
2208,179
2209,271
2210,565
2211,572
2212,385
2213,315
2214,228
2215,180
2216,84
2217,4
2218,23
2219,110
2220,292
2221,459
2222,192
2223,126
2224,147
2225,272
2226,555
2227,546
2228,384
2229,310
2230,232
2231,177
2232,112
2233,60
2234,14
2235,7
2236,23
2237,286
2238,432
2239,198
2240,171
2241,255
2242,236
2243,231
2244,232
2245,367
2246,432
2247,409
2248,384
2249,297
2250,230
2251,108
2252,78
2253,63
2254,26
2255,24
2256,49
2257,106
2258,209
2259,253
2260,304
2261,331
2262,311
2263,345
2264,349
2265,310
2266,209
2267,188
2268,275
2269,221
2270,191
2271,67
2272,66
2273,16
2274,175
2275,274
2276,329
2277,401
2278,285
2279,271
2280,275
2281,313
2282,316
2283,193
2284,273
2285,220
2286,126
2287,79
2288,28
2289,8
2290,12
2291,23
2292,111
2293,279
2294,404
2295,196
2296,163
2297,150
2298,236
2299,401
2300,379
2301,338
2302,286
2303,191
2304,133
2305,29
2306,7
2307,4
2308,5
2309,23
2310,280
2311,405
2312,148
2313,142
2314,230
2315,368
2316,384
2317,402
2318,256
2319,221
2320,177
2321,6
2322,3
2323,5
2324,24
2325,113
2326,290
2327,429
2328,179
2329,106
2330,122
2331,137
2332,139
2333,521
2334,523
2335,336
2336,307
2337,233
2338,85
2339,8
2340,4
2341,5
2342,23
2343,289
2344,433
2345,193
2346,126
2347,130
2348,152
2349,145
2350,260
2351,484
2352,473
2353,383
2354,274
2355,80
2356,67
2357,6
2358,6
2359,21
2360,270
2361,404
2362,202
2363,151
2364,143
2365,143
2366,145
2367,186
2368,324
2369,246
2370,401
2371,351
2372,159
2373,56
2374,26
2375,8
2376,13
2377,102
2378,193
2379,261
2380,275
2381,282
2382,310
2383,181
2384,187
2385,60
2386,271
2387,144
2388,100
2389,56
2390,62
2391,26
2392,10
2393,38
2394,86
2395,166
2396,249
2397,315
2398,374
2399,381
2400,386
2401,373
2402,322
2403,348
2404,357
2405,286
2406,231
2407,140
2408,140
2409,26
2410,75
2411,9
2412,9
2413,20
2414,111
2415,279
2416,377
2417,190
2418,120
2419,135
2420,155
2421,160
2422,250
2423,405
2424,399
2425,345
2426,262
2427,80
2428,28
2429,8
2430,4
2431,22
2432,107
2433,292
2434,409
2435,167
2436,163
2437,150
2438,165
2439,244
2440,402
2441,398
2442,337
2443,294
2444,222
2445,40
2446,18
2447,7
2448,5
2449,112
2450,297
2451,495
2452,200
2453,132
2454,216
2455,202
2456,289
2457,412
2458,416
2459,406
2460,313
2461,238
2462,84
2463,18
2464,23
2465,292
2466,413
2467,189
2468,124
2469,122
2470,129
2471,226
2472,429
2473,424
2474,401
2475,252
2476,228
2477,114
2478,61
2479,34
2480,6
2481,93
2482,273
2483,437
2484,206
2485,172
2486,184
2487,183
2488,187
2489,351
2490,504
2491,474
2492,352
2493,261
2494,177
2495,111
2496,63
2497,232
2498,253
2499,316
2500,396
2501,281
2502,300
2503,294
2504,329
2505,351
2506,367
2507,268
2508,231
2509,180
2510,178
2511,109
2512,67
2513,67
2514,51
2515,119
2516,280
2517,307
2518,351
2519,457
2520,443
2521,427
2522,420
2523,348
2524,362
2525,315
2526,237
2527,177
2528,140
2529,28
2530,75
2531,10
2532,22
2533,109
2534,279
2535,396
2536,198
2537,180
2538,164
2539,166
2540,265
2541,539
2542,521
2543,361
2544,284
2545,143
2546,27
2547,27
2548,4
2549,107
2550,289
2551,424
2552,199
2553,144
2554,170
2555,158
2556,160
2557,178
2558,247
2559,541
2560,527
2561,325
2562,288
2563,170
2564,167
2565,86
2566,36
2567,15
2568,4
2569,23
2570,274
2571,410
2572,201
2573,124
2574,144
2575,169
2576,158
2577,273
2578,534
2579,509
2580,340
2581,293
2582,223
2583,49
2584,5
2585,289
2586,425
2587,185
2588,117
2589,128
2590,163
2591,146
2592,144
2593,255
2594,534
2595,523
2596,331
2597,266
2598,220
2599,164
2600,114
2601,6
2602,23
2603,91
2604,273
2605,435
2606,216
2607,144
2608,172
2609,186
2610,178
2611,178
2612,367
2613,497
2614,423
2615,341
2616,258
2617,109
2618,114
2619,63
2620,26
2621,10
2622,7
2623,53
2624,118
2625,259
2626,257
2627,304
2628,262
2629,282
2630,257
2631,274
2632,288
2633,311
2634,320
2635,228
2636,197
2637,179
2638,127
2639,74
2640,13
2641,15
2642,47
2643,160
2644,259
2645,271
2646,304
2647,266
2648,271
2649,265
2650,395
2651,329
2652,270
2653,140
2654,128
2655,75
2656,5
2657,23
2658,113
2659,207
2660,371
2661,123
2662,172
2663,159
2664,256
2665,549
2666,555
2667,332
2668,269
2669,78
2670,26
2671,3
2672,4
2673,23
2674,294
2675,411
2676,201
2677,119
2678,137
2679,159
2680,235
2681,544
2682,531
2683,329
2684,293
2685,79
2686,8
2687,22
2688,112
2689,295
2690,416
2691,190
2692,118
2693,163
2694,163
2695,149
2696,278
2697,512
2698,529
2699,315
2700,293
2701,216
2702,162
2703,82
2704,5
2705,22
2706,296
2707,432
2708,188
2709,117
2710,132
2711,145
2712,143
2713,279
2714,518
2715,499
2716,349
2717,318
2718,194
2719,170
2720,120
2721,44
2722,20
2723,79
2724,203
2725,247
2726,130
2727,221
2728,250
2729,357
2730,529
2731,456
2732,323
2733,250
2734,118
2735,71
2736,28
2737,17
2738,278
2739,327
2740,365
2741,402
2742,395
2743,380
2744,375
2745,284
2746,323
2747,230
2748,123
2749,135
2750,131
2751,113
2752,63
2753,84
2754,29
2755,49
2756,176
2757,293
2758,353
2759,424
2760,421
2761,426
2762,443
2763,424
2764,386
2765,373
2766,307
2767,224
2768,192
2769,157
2770,12
2771,10
2772,5
2773,114
2774,287
2775,402
2776,204
2777,148
2778,194
2779,189
2780,267
2781,553
2782,546
2783,346
2784,296
2785,199
2786,153
2787,28
2788,6
2789,20
2790,95
2791,295
2792,426
2793,205
2794,170
2795,162
2796,155
2797,158
2798,290
2799,505
2800,541
2801,344
2802,274
2803,162
2804,7
2805,282
2806,438
2807,202
2808,121
2809,198
2810,165
2811,179
2812,258
2813,529
2814,528
2815,360
2816,319
2817,228
2818,178
2819,83
2820,65
2821,29
2822,6
2823,22
2824,106
2825,292
2826,454
2827,199
2828,125
2829,211
2830,204
2831,176
2832,317
2833,559
2834,556
2835,379
2836,305
2837,226
2838,33
2839,17
2840,11
2841,21
2842,87
2843,289
2844,458
2845,210
2846,172
2847,163
2848,172
2849,176
2850,181
2851,193
2852,206
2853,330
2854,289
2855,233
2856,164
2857,80
2858,105
2859,72
2860,54
2861,24
2862,54
2863,114
2864,310
2865,379
2866,414
2867,428
2868,432
2869,431
2870,433
2871,409
2872,397
2873,347
2874,271
2875,243
2876,190
2877,81
2878,73
2879,11
2880,12
2881,14
2882,51
2883,183
2884,260
2885,351
2886,362
2887,312
2888,362
2889,360
2890,304
2891,294
2892,269
2893,78
2894,28
2895,12
2896,6
2897,5
2898,21
2899,272
2900,430
2901,198
2902,175
2903,287
2904,570
2905,530
2906,186
2907,68
2908,29
2909,6
2910,3
2911,25
2912,335
2913,461
2914,220
2915,118
2916,206
2917,195
2918,288
2919,538
2920,538
2921,311
2922,262
2923,83
2924,6
2925,5
2926,117
2927,340
2928,470
2929,209
2930,124
2931,146
2932,201
2933,166
2934,262
2935,515
2936,495
2937,321
2938,264
2939,199
2940,87
2941,40
2942,18
2943,6
2944,20
2945,298
2946,426
2947,202
2948,118
2949,171
2950,222
2951,194
2952,170
2953,271
2954,532
2955,505
2956,401
2957,337
2958,220
2959,112
2960,61
2961,14
2962,6
2963,21
2964,94
2965,278
2966,433
2967,213
2968,160
2969,170
2970,261
2971,243
2972,245
2973,250
2974,397
2975,532
2976,457
2977,331
2978,284
2979,192
2980,130
2981,109
2982,75
2983,40
2984,14
2985,23
2986,48
2987,90
2988,203
2989,264
2990,376
2991,400
2992,388
2993,358
2994,383
2995,326
2996,323
2997,257
2998,143
2999,179
3000,129
3001,65
3002,69
3003,29
3004,9
3005,8
3006,13
3007,38
3008,92
3009,178
3010,286
3011,298
3012,335
3013,358
3014,326
3015,140
3016,154
3017,79
3018,91
3019,75
3020,9
3021,21
3022,107
3023,280
3024,363
3025,191
3026,128
3027,192
3028,172
3029,162
3030,159
3031,242
3032,386
3033,415
3034,337
3035,281
3036,132
3037,76
3038,27
3039,4
3040,4
3041,108
3042,292
3043,415
3044,188
3045,122
3046,147
3047,167
3048,167
3049,167
3050,271
3051,563
3052,558
3053,405
3054,308
3055,232
3056,180
3057,82
3058,18
3059,6
3060,6
3061,7
3062,23
3063,112
3064,295
3065,433
3066,196
3067,152
3068,207
3069,176
3070,265
3071,577
3072,561
3073,379
3074,273
3075,221
3076,179
3077,88
3078,6
3079,102
3080,292
3081,457
3082,200
3083,200
3084,201
3085,171
3086,165
3087,268
3088,569
3089,560
3090,386
3091,310
3092,166
3093,114
3094,32
3095,6
3096,6
3097,21
3098,94
3099,264
3100,444
3101,207
3102,170
3103,222
3104,195
3105,216
3106,191
3107,288
3108,506
3109,447
3110,367
3111,255
3112,218
3113,111
3114,63
3115,26
3116,10
3117,24
3118,45
3119,231
3120,263
3121,299
3122,310
3123,413
3124,332
3125,273
3126,406
3127,361
3128,381
3129,295
3130,232
3131,70
3132,115
3133,64
3134,30
3135,37
3136,275
3137,343
3138,338
3139,342
3140,316
3141,284
3142,342
3143,359
3144,274
3145,295
3146,241
3147,177
3148,124
3149,78
3150,96
3151,69
3152,7
3153,5
3154,14
3155,52
3156,191
3157,271
3158,348
3159,273
3160,320
3161,347
3162,347
3163,360
3164,363
3165,364
3166,288
3167,270
3168,332
3169,167
3170,116
3171,29
3172,12
3173,3
3174,4
3175,20
3176,287
3177,425
3178,195
3179,159
3180,159
3181,163
3182,269
3183,515
3184,519
3185,358
3186,302
3187,215
3188,163
3189,79
3190,16
3191,6
3192,312
3193,430
3194,195
3195,126
3196,132
3197,236
3198,401
3199,506
3200,326
3201,271
3202,168
3203,149
3204,91
3205,41
3206,6
3207,4
3208,21
3209,98
3210,261
3211,323
3212,147
3213,87
3214,114
3215,154
3216,244
3217,406
3218,525
3219,363
3220,268
3221,132
3222,77
3223,53
3224,27
3225,6
3226,7
3227,22
3228,273
3229,406
3230,162
3231,154
3232,184
3233,187
3234,221
3235,224
3236,349
3237,523
3238,456
3239,354
3240,278
3241,210
3242,27
3243,5
3244,5
3245,196
3246,292
3247,284
3248,335
3249,406
3250,373
3251,188
3252,196
3253,184
3254,256
3255,171
3256,81
3257,63
3258,27
3259,14
3260,47
3261,96
3262,295
3263,367
3264,399
3265,459
3266,404
3267,446
3268,443
3269,378
3270,372
3271,316
3272,223
3273,109
3274,76
3275,8
3276,5
3277,21
3278,298
3279,406
3280,196
3281,131
3282,205
3283,197
3284,240
3285,219
3286,301
3287,416
3288,552
3289,394
3290,254
3291,191
3292,114
3293,67
3294,8
3295,4
3296,4
3297,103
3298,310
3299,444
3300,197
3301,263
3302,262
3303,223
3304,164
3305,318
3306,564
3307,574
3308,398
3309,243
3310,75
3311,12
3312,4
3313,21
3314,334
3315,454
3316,212
3317,211
3318,261
3319,188
3320,337
3321,590
3322,424
3323,364
3324,274
3325,228
3326,159
3327,78
3328,52
3329,14
3330,11
3331,20
3332,94
3333,335
3334,429
3335,214
3336,129
3337,205
3338,180
3339,326
3340,420
3341,404
3342,357
3343,272
3344,155
3345,110
3346,62
3347,11
3348,5
3349,292
3350,447
3351,228
3352,194
3353,234
3354,220
3355,248
3356,269
3357,362
3358,538
3359,489
3360,353
3361,261
3362,197
3363,158
3364,76
3365,56
3366,40
3367,10
3368,204
3369,273
3370,386
3371,444
3372,417
3373,429
3374,432
3375,424
3376,372
3377,396
3378,343
3379,227
3380,160
3381,115
3382,68
3383,77
3384,19
3385,49
3386,154
3387,291
3388,376
3389,447
3390,392
3391,425
3392,458
3393,432
3394,387
3395,335
3396,324
3397,238
3398,106
3399,44
3400,11
3401,6
3402,21
3403,301
3404,390
3405,123
3406,148
3407,185
3408,181
3409,154
3410,186
3411,238
3412,518
3413,513
3414,335
3415,214
3416,117
3417,18
3418,24
3419,4
3420,3
3421,94
3422,277
3423,420
3424,197
3425,135
3426,129
3427,134
3428,76
3429,261
3430,346
3431,149
3432,76
3433,9
3434,4
3435,5
3436,99
3437,301
3438,479
3439,214
3440,130
3441,144
3442,194
3443,183
3444,280
3445,611
3446,544
3447,322
3448,220
3449,166
3450,145
3451,91
3452,35
3453,15
3454,14
3455,270
3456,445
3457,221
3458,198
3459,169
3460,180
3461,291
3462,526
3463,563
3464,384
3465,226
3466,199
3467,154
3468,111
3469,11
3470,300
3471,446
3472,202
3473,176
3474,216
3475,218
3476,227
3477,246
3478,355
3479,479
3480,483
3481,340
3482,260
3483,176
3484,127
3485,101
3486,83
3487,8
3488,49
3489,209
3490,293
3491,306
3492,357
3493,389
3494,449
3495,456
3496,407
3497,380
3498,347
3499,280
3500,239
3501,216
3502,185
3503,131
3504,90
3505,10
3506,336
3507,354
3508,428
3509,458
3510,458
3511,454
3512,450
3513,329
3514,266
3515,274
3516,91
3517,82
3518,38
3519,74
3520,14
3521,7
3522,22
3523,98
3524,282
3525,414
3526,191
3527,177
3528,190
3529,237
3530,158
3531,224
3532,308
3533,541
3534,492
3535,294
3536,165
3537,97
3538,23
3539,6
3540,22
3541,273
3542,444
3543,217
3544,124
3545,181
3546,192
3547,291
3548,584
3549,563
3550,394
3551,252
3552,6
3553,348
3554,408
3555,202
3556,150
3557,191
3558,187
3559,181
3560,281
3561,531
3562,515
3563,366
3564,277
3565,223
3566,139
3567,9
3568,5
3569,104
3570,282
3571,427
3572,219
3573,200
3574,187
3575,185
3576,255
3577,419
3578,533
3579,335
3580,254
3581,126
3582,78
3583,22
3584,6
3585,25
3586,96
3587,286
3588,419
3589,196
3590,196
3591,237
3592,231
3593,243
3594,236
3595,374
3596,566
3597,470
3598,358
3599,251
3600,162
3601,125
3602,62
3603,7
3604,149
3605,220
3606,289
3607,367
3608,422
3609,419
3610,453
3611,415
3612,436
3613,383
3614,331
3615,233
3616,229
3617,187
3618,78
3619,23
3620,43
3621,99
3622,310
3623,361
3624,397
3625,435
3626,410
3627,454
3628,443
3629,364
3630,170
3631,140
3632,69
3633,26
3634,24
3635,78
3636,286
3637,403
3638,213
3639,202
3640,199
3641,184
3642,185
3643,257
3644,454
3645,485
3646,348
3647,188
3648,57
3649,40
3650,22
3651,88
3652,214
3653,115
3654,68
3655,148
3656,265
3657,292
3658,309
3659,140
3660,98
3661,9
3662,8
3663,5
3664,105
3665,311
3666,418
3667,191
3668,153
3669,140
3670,139
3671,250
3672,548
3673,406
3674,350
3675,316
3676,190
3677,149
3678,90
3679,31
3680,8
3681,6
3682,5
3683,21
3684,302
3685,414
3686,181
3687,204
3688,185
3689,180
3690,179
3691,298
3692,604
3693,570
3694,362
3695,255
3696,215
3697,117
3698,63
3699,6
3700,91
3701,299
3702,472
3703,212
3704,187
3705,229
3706,273
3707,220
3708,256
3709,361
3710,528
3711,474
3712,295
3713,221
3714,113
3715,56
3716,30
3717,6
3718,6
3719,18
3720,141
3721,212
3722,312
3723,308
3724,418
3725,394
3726,362
3727,424
3728,382
3729,342
3730,287
3731,213
3732,199
3733,154
3734,61
3735,22
3736,6
3737,10
3738,17
3739,35
3740,157
3741,227
3742,201
3743,262
3744,286
3745,197
3746,195
3747,80
3748,66
3749,28
3750,16
3751,5
3752,7
3753,15
3754,166
3755,191
3756,232
3757,243
3758,210
3759,201
3760,183
3761,298
3762,271
3763,194
3764,20
3765,5
3766,3
3767,20
3768,83
3769,228
3770,446
3771,229
3772,131
3773,144
3774,137
3775,156
3776,129
3777,158
3778,219
3779,433
3780,445
3781,300
3782,209
3783,108
3784,26
3785,10
3786,4
3787,82
3788,279
3789,424
3790,206
3791,130
3792,156
3793,170
3794,201
3795,291
3796,591
3797,397
3798,339
3799,238
3800,183
3801,126
3802,32
3803,19
3804,4
3805,20
3806,76
3807,252
3808,421
3809,219
3810,158
3811,168
3812,162
3813,167
3814,272
3815,167
3816,263
3817,461
3818,427
3819,254
3820,209
3821,118
3822,93
3823,39
3824,5
3825,26
3826,78
3827,285
3828,452
3829,215
3830,183
3831,250
3832,217
3833,245
3834,243
3835,270
3836,436
3837,451
3838,242
3839,190
3840,146
3841,46
3842,46
3843,7
3844,90
3845,133
3846,202
3847,322
3848,379
3849,404
3850,413
3851,382
3852,367
3853,255
3854,301
3855,202
3856,115
3857,9
3858,13
3859,60
3860,178
3861,308
3862,338
3863,452
3864,435
3865,396
3866,420
3867,434
3868,366
3869,371
3870,266
3871,172
3872,145
3873,62
3874,13
3875,8
3876,23
3877,100
3878,276
3879,415
3880,198
3881,134
3882,116
3883,107
3884,162
3885,163
3886,261
3887,572
3888,355
3889,282
3890,203
3891,172
3892,109
3893,23
3894,25
3895,14
3896,4
3897,21
3898,87
3899,305
3900,466
3901,223
3902,126
3903,148
3904,173
3905,186
3906,160
3907,179
3908,269
3909,425
3910,455
3911,276
3912,208
3913,72
3914,18
3915,11
3916,7
3917,5
3918,20
3919,283
3920,413
3921,231
3922,122
3923,156
3924,175
3925,194
3926,161
3927,261
3928,543
3929,408
3930,318
3931,255
3932,180
3933,89
3934,15
3935,4
3936,4
3937,22
3938,297
3939,421
3940,204
3941,130
3942,196
3943,198
3944,186
3945,183
3946,244
3947,415
3948,531
3949,346
3950,210
3951,160
3952,139
3953,22
3954,6
3955,6
3956,23
3957,82
3958,201
3959,285
3960,133
3961,202
3962,169
3963,239
3964,202
3965,300
3966,552
3967,287
3968,169
3969,96
3970,81
3971,70
3972,59
3973,25
3974,6
3975,19
3976,126
3977,221
3978,332
3979,350
3980,436
3981,366
3982,398
3983,426
3984,419
3985,347
3986,283
3987,223
3988,221
3989,147
3990,103
3991,78
3992,31
3993,9
3994,111
3995,97
3996,193
3997,285
3998,344
3999,434
4000,419
4001,363
4002,377
4003,422
4004,216
4005,261
4006,135
4007,88
4008,19
4009,14
4010,6
4011,288
4012,435
4013,223
4014,178
4015,149
4016,186
4017,325
4018,544
4019,503
4020,311
4021,159
4022,141
4023,86
4024,67
4025,21
4026,7
4027,6
4028,76
4029,254
4030,429
4031,217
4032,165
4033,186
4034,191
4035,190
4036,188
4037,320
4038,414
4039,422
4040,350
4041,213
4042,202
4043,46
4044,15
4045,6
4046,21
4047,91
4048,330
4049,411
4050,226
4051,116
4052,156
4053,188
4054,201
4055,203
4056,186
4057,281
4058,399
4059,556
4060,363
4061,255
4062,212
4063,154
4064,42
4065,302
4066,412
4067,180
4068,115
4069,109
4070,123
4071,158
4072,242
4073,417
4074,467
4075,307
4076,183
4077,60
4078,8
4079,20
4080,90
4081,282
4082,405
4083,205
4084,107
4085,201
4086,210
4087,204
4088,216
4089,321
4090,450
4091,453
4092,299
4093,186
4094,139
4095,127
4096,103
4097,28
4098,5
4099,5
4100,214
4101,248
4102,311
4103,406
4104,455
4105,444
4106,375
4107,364
4108,385
4109,360
4110,202
4111,147
4112,123
4113,67
4114,63
4115,55
4116,85
4117,178
4118,290
4119,282
4120,327
4121,316
4122,363
4123,355
4124,156
4125,113
4126,64
4127,108
4128,100
4129,116
4130,96
4131,188
4132,156
4133,122
4134,52
4135,6
4136,90
4137,235
4138,416
4139,257
4140,176
4141,150
4142,136
4143,215
4144,409
4145,414
4146,272
4147,111
4148,62
4149,7
4150,4
4151,7
4152,25
4153,94
4154,209
4155,396
4156,166
4157,161
4158,206
4159,368
4160,397
4161,243
4162,178
4163,99
4164,18
4165,8
4166,6
4167,7
4168,85
4169,291
4170,463
4171,221
4172,159
4173,197
4174,185
4175,199
4176,387
4177,369
4178,251
4179,181
4180,113
4181,84
4182,57
4183,55
4184,40
4185,6
4186,5
4187,17
4188,191
4189,230
4190,242
4191,190
4192,199
4193,205
4194,232
4195,257
4196,240
4197,233
4198,99
4199,107
4200,58
4201,75
4202,190
4203,207
4204,191
4205,197
4206,175
4207,336
4208,328
4209,217
4210,221
4211,215
4212,55
4213,18
4214,9
4215,6
4216,20
4217,90
4218,257
4219,497
4220,197
4221,170
4222,152
4223,215
4224,260
4225,287
4226,215
4227,177
4228,74
4229,15
4230,7
4231,4
4232,4
4233,237
4234,455
4235,240
4236,158
4237,178
4238,145
4239,176
4240,253
4241,286
4242,237
4243,111
4244,93
4245,57
4246,20
4247,6
4248,5
4249,5
4250,85
4251,440
4252,239
4253,105
4254,149
4255,159
4256,225
4257,216
4258,187
4259,176
4260,119
4261,73
4262,56
4263,19
4264,7
4265,88
4266,239
4267,496
4268,213
4269,200
4270,169
4271,199
4272,249
4273,454
4274,401
4275,294
4276,111
4277,98
4278,30
4279,8
4280,20
4281,89
4282,251
4283,436
4284,210
4285,188
4286,208
4287,234
4288,240
4289,270
4290,431
4291,417
4292,244
4293,129
4294,61
4295,60
4296,35
4297,15
4298,6
4299,12
4300,132
4301,197
4302,196
4303,185
4304,329
4305,413
4306,405
4307,376
4308,374
4309,264
4310,252
4311,222
4312,148
4313,81
4314,94
4315,67
4316,52
4317,43
4318,7
4319,15
4320,142
4321,246
4322,307
4323,356
4324,381
4325,424
4326,401
4327,419
4328,295
4329,215
4330,188
4331,129
4332,92
4333,83
4334,72
4335,35
4336,8
4337,11
4338,167
4339,168
4340,239
4341,206
4342,275
4343,310
4344,297
4345,303
4346,306
4347,392
4348,215
4349,293
4350,195
4351,189
4352,85
4353,28
4354,19
4355,5
4356,4
4357,7
4358,20
4359,78
4360,267
4361,451
4362,124
4363,95
4364,152
4365,151
4366,326
4367,270
4368,149
4369,141
4370,60
4371,44
4372,4
4373,4
4374,18
4375,257
4376,501
4377,214
4378,140
4379,152
4380,216
4381,279
4382,350
4383,200
4384,8
4385,7
4386,93
4387,149
4388,430
4389,227
4390,176
4391,140
4392,166
4393,150
4394,212
4395,416
4396,397
4397,259
4398,188
4399,114
4400,91
4401,7
4402,8
4403,258
4404,424
4405,234
4406,179
4407,176
4408,265
4409,392
4410,381
4411,257
4412,126
4413,104
4414,89
4415,62
4416,6
4417,11
4418,78
4419,61
4420,211
4421,191
4422,354
4423,386
4424,363
4425,230
4426,323
4427,256
4428,182
4429,156
4430,109
4431,91
4432,79
4433,53
4434,43
4435,21
4436,7
4437,85
4438,150
4439,195
4440,292
4441,199
4442,316
4443,201
4444,254
4445,224
4446,212
4447,214
4448,142
4449,75
4450,38
4451,21
4452,9
4453,6
4454,19
4455,78
4456,208
4457,497
4458,214
4459,150
4460,153
4461,163
4462,179
4463,231
4464,483
4465,412
4466,253
4467,89
4468,22
4469,12
4470,5
4471,5
4472,4
4473,19
4474,219
4475,402
4476,242
4477,167
4478,135
4479,146
4480,160
4481,269
4482,402
4483,392
4484,273
4485,155
4486,86
4487,72
4488,16
4489,10
4490,4
4491,5
4492,19
4493,95
4494,219
4495,442
4496,240
4497,143
4498,152
4499,173
4500,248
4501,148
4502,242
4503,402
4504,300
4505,201
4506,53
4507,14
4508,81
4509,162
4510,199
4511,222
4512,205
4513,240
4514,265
4515,96
4516,17
4517,8
4518,7
4519,21
4520,85
4521,278
4522,483
4523,178
4524,172
4525,202
4526,237
4527,216
4528,208
4529,273
4530,439
4531,131
4532,43
4533,15
4534,6
4535,13
4536,51
4537,129
4538,136
4539,176
4540,240
4541,242
4542,201
4543,195
4544,123
4545,60
4546,47
4547,4
4548,66
4549,138
4550,159
4551,165
4552,213
4553,253
4554,255
4555,71
4556,44
4557,14
4558,6
4559,6
4560,3
4561,260
4562,416
4563,177
4564,152
4565,171
4566,228
4567,473
4568,375
4569,235
4570,191
4571,138
4572,44
4573,7
4574,4
4575,3
4576,4
4577,17
4578,91
4579,270
4580,444
4581,240
4582,94
4583,116
4584,159
4585,181
4586,206
4587,265
4588,206
4589,16
4590,6
4591,6
4592,20
4593,82
4594,187
4595,449
4596,141
4597,155
4598,163
4599,174
4600,212
4601,407
4602,307
4603,237
4604,96
4605,51
4606,7
4607,3
4608,89
4609,254
4610,488
4611,155
4612,172
4613,209
4614,384
4615,325
4616,191
4617,96
4618,92
4619,80
4620,25
4621,9
4622,7
4623,5
4624,21
4625,167
4626,485
4627,247
4628,176
4629,191
4630,177
4631,186
4632,228
4633,402
4634,374
4635,236
4636,170
4637,130
4638,100
4639,88
4640,48
4641,19
4642,6
4643,133
4644,204
4645,190
4646,171
4647,184
4648,202
4649,214
4650,206
4651,81
4652,106
4653,96
4654,64
4655,54
4656,50
4657,6
4658,51
4659,134
4660,155
4661,136
4662,203
4663,186
4664,252
4665,305
4666,277
4667,205
4668,174
4669,117
4670,79
4671,91
4672,57
4673,17
4674,8
4675,20
4676,212
4677,444
4678,165
4679,168
4680,181
4681,261
4682,421
4683,412
4684,319
4685,206
4686,54
4687,4
4688,20
4689,294
4690,453
4691,176
4692,121
4693,151
4694,243
4695,398
4696,442
4697,284
4698,136
4699,82
4700,35
4701,5
4702,190
4703,402
4704,214
4705,144
4706,159
4707,167
4708,251
4709,487
4710,448
4711,286
4712,192
4713,135
4714,62
4715,18
4716,8
4717,3
4718,3
4719,17
4720,223
4721,441
4722,217
4723,161
4724,193
4725,301
4726,224
4727,171
4728,152
4729,92
4730,68
4731,9
4732,8
4733,5
4734,6
4735,22
4736,268
4737,400
4738,206
4739,167
4740,191
4741,199
4742,180
4743,197
4744,229
4745,372
4746,381
4747,254
4748,169
4749,128
4750,109
4751,80
4752,56
4753,52
4754,14
4755,203
4756,163
4757,185
4758,146
4759,158
4760,277
4761,264
4762,213
4763,100
4764,54
4765,56
4766,35
4767,30
4768,10
4769,7
4770,142
4771,192
4772,185
4773,176
4774,176
4775,150
4776,148
4777,137
4778,101
4779,16
4780,7
4781,5
4782,9
4783,19
4784,225
4785,373
4786,142
4787,94
4788,125
4789,362
4790,323
4791,340
4792,186
4793,15
4794,8
4795,6
4796,5
4797,19
4798,86
4799,289
4800,495
4801,248
4802,149
4803,171
4804,174
4805,220
4806,326
4807,247
4808,214
4809,127
4810,91
4811,6
4812,4
4813,22
4814,240
4815,503
4816,222
4817,152
4818,126
4819,156
4820,154
4821,190
4822,253
4823,273
4824,179
4825,137
4826,116
4827,99
4828,7
4829,6
4830,5
4831,4
4832,22
4833,75
4834,200
4835,482
4836,216
4837,146
4838,137
4839,159
4840,173
4841,158
4842,200
4843,365
4844,411
4845,228
4846,179
4847,79
4848,8
4849,6
4850,5
4851,17
4852,440
4853,246
4854,148
4855,180
4856,195
4857,183
4858,199
4859,351
4860,406
4861,237
4862,155
4863,121
4864,83
4865,67
4866,45
4867,46
4868,5
4869,77
4870,191
4871,175
4872,230
4873,189
4874,216
4875,172
4876,213
4877,257
4878,344
4879,261
4880,214
4881,155
4882,121
4883,6
4884,7
4885,80
4886,198
4887,155
4888,167
4889,157
4890,178
4891,168
4892,176
4893,195
4894,197
4895,137
4896,88
4897,54
4898,8
4899,4
4900,4
4901,83
4902,472
4903,166
4904,118
4905,104
4906,371
4907,356
4908,225
4909,145
4910,81
4911,60
4912,11
4913,75
4914,276
4915,457
4916,216
4917,144
4918,158
4919,180
4920,164
4921,162
4922,260
4923,400
4924,382
4925,273
4926,134
4927,106
4928,21
4929,14
4930,3
4931,64
4932,253
4933,491
4934,142
4935,156
4936,167
4937,152
4938,234
4939,420
4940,402
4941,268
4942,23
4943,16
4944,5
4945,22
4946,90
4947,258
4948,464
4949,129
4950,129
4951,141
4952,170
4953,372
4954,391
4955,126
4956,38
4957,19
4958,11
4959,2
4960,493
4961,193
4962,141
4963,141
4964,150
4965,157
4966,155
4967,224
4968,182
4969,137
4970,82
4971,73
4972,13
4973,5
4974,4
4975,7
4976,68
4977,156
4978,116
4979,149
4980,214
4981,203
4982,173
4983,101
4984,112
4985,90
4986,56
4987,69
4988,62
4989,48
4990,15
4991,5
4992,5
4993,29
4994,69
4995,252
4996,175
4997,192
4998,227
4999,217
5000,87
5001,61
5002,50
5003,5
5004,3
5005,63
5006,396
5007,196
5008,105
5009,161
5010,152
5011,189
5012,49
5013,10
5014,87
5015,202
5016,138
5017,271
5018,204
5019,274
5020,243
5021,212
5022,83
5023,53
5024,17
5025,5
5026,2
5027,2
5028,2
5029,17
5030,429
5031,142
5032,141
5033,65
5034,117
5035,110
5036,101
5037,143
5038,206
5039,121
5040,99
5041,72
5042,54
5043,14
5044,6
5045,1
5046,3
5047,15
5048,73
5049,198
5050,138
5051,132
5052,135
5053,126
5054,132
5055,350
5056,178
5057,169
5058,91
5059,84
5060,10
5061,8
5062,6
5063,6
5064,14
5065,68
5066,254
5067,441
5068,245
5069,180
5070,191
5071,168
5072,200
5073,208
5074,72
5075,51
5076,40
5077,5
5078,188
5079,166
5080,163
5081,209
5082,204
5083,190
5084,177
5085,89
5086,104
5087,85
5088,72
5089,55
5090,54
5091,15
5092,7
5093,3
5094,192
5095,247
5096,190
5097,204
5098,163
5099,146
5100,43
5101,11
5102,7
5103,6
5104,3
5105,15
5106,76
5107,236
5108,449
5109,139
5110,113
5111,134
5112,136
5113,135
5114,296
5115,190
5116,138
5117,85
5118,93
5119,34
